brand,products_count,url
absolute_new_york,1,https://www.sunsetcosmeticos.com.br/absolute_new_york
alva-personal-care,1,https://www.sunsetcosmeticos.com.br/alva-personal-care
bauny_cosmeticos,1,https://www.sunsetcosmeticos.com.br/bauny_cosmeticos
belliz,1,https://www.sunsetcosmeticos.com.br/belliz
boca_rosa,1,https://www.sunsetcosmeticos.com.br/boca_rosa
broadway,1,https://www.sunsetcosmeticos.com.br/broadway
bruna_malheiros,1,https://www.sunsetcosmeticos.com.br/bruna_malheiros
bruna-tavares,1,https://www.sunsetcosmeticos.com.br/bruna-tavares
cimed,1,https://www.sunsetcosmeticos.com.br/cimed
daymakeup,1,https://www.sunsetcosmeticos.com.br/daymakeup
ecotools,1,https://www.sunsetcosmeticos.com.br/ecotools
enjoy-love,1,https://www.sunsetcosmeticos.com.br/enjoy-love
farmaervas,1,https://www.sunsetcosmeticos.com.br/farmaervas
fave,1,https://www.sunsetcosmeticos.com.br/fave
fran_by_franciny_ehlke,1,https://www.sunsetcosmeticos.com.br/fran_by_franciny_ehlke
franciny-ehlke,1,https://www.sunsetcosmeticos.com.br/franciny-ehlke
frederika_make,1,https://www.sunsetcosmeticos.com.br/frederika_make
gusttavo_lima,1,https://www.sunsetcosmeticos.com.br/gusttavo_lima
haskell,1,https://www.sunsetcosmeticos.com.br/haskell
hawaiian_tropic,1,https://www.sunsetcosmeticos.com.br/hawaiian_tropic
hello_kitty,1,https://www.sunsetcosmeticos.com.br/hello_kitty
hidratei,1,https://www.sunsetcosmeticos.com.br/hidratei
ienvy_by_kiss_ny,1,https://www.sunsetcosmeticos.com.br/ienvy_by_kiss_ny
impress,1,https://www.sunsetcosmeticos.com.br/impress
intt-cosmeticos,1,https://www.sunsetcosmeticos.com.br/intt-cosmeticos
karen_bachini,1,https://www.sunsetcosmeticos.com.br/karen_bachini
kiss-new-york,1,https://www.sunsetcosmeticos.com.br/kiss-new-york
kiss_ny,1,https://www.sunsetcosmeticos.com.br/kiss_ny
klass_vough,1,https://www.sunsetcosmeticos.com.br/klass_vough
ludmilla,1,https://www.sunsetcosmeticos.com.br/ludmilla
luisance,1,https://www.sunsetcosmeticos.com.br/luisance
luk_makeup,1,https://www.sunsetcosmeticos.com.br/luk_makeup
luv_beauty,1,https://www.sunsetcosmeticos.com.br/luv_beauty
macrilan,1,https://www.sunsetcosmeticos.com.br/macrilan
mariana_saad,1,https://www.sunsetcosmeticos.com.br/mariana_saad
marilia_mendonca,1,https://www.sunsetcosmeticos.com.br/marilia_mendonca
mari_maria,1,https://www.sunsetcosmeticos.com.br/mari_maria
mari-maria-makeup,1,https://www.sunsetcosmeticos.com.br/mari-maria-makeup
nath_capelo,1,https://www.sunsetcosmeticos.com.br/nath_capelo
nina-makeup,1,https://www.sunsetcosmeticos.com.br/nina-makeup
oceane,1,https://www.sunsetcosmeticos.com.br/oceane
pam_by_pamella,1,https://www.sunsetcosmeticos.com.br/pam_by_pamella
paramount_plasticos,1,https://www.sunsetcosmeticos.com.br/paramount_plasticos
payot,1,https://www.sunsetcosmeticos.com.br/payot
practk,1,https://www.sunsetcosmeticos.com.br/practk
proart,1,https://www.sunsetcosmeticos.com.br/proart
rc_beauty,1,https://www.sunsetcosmeticos.com.br/rc_beauty
real_techniques,1,https://www.sunsetcosmeticos.com.br/real_techniques
ricca,1,https://www.sunsetcosmeticos.com.br/ricca
ruby_kisses,1,https://www.sunsetcosmeticos.com.br/ruby_kisses
ruby_rose,1,https://www.sunsetcosmeticos.com.br/ruby_rose
salon_perfect,1,https://www.sunsetcosmeticos.com.br/salon_perfect
satisfyer,1,https://www.sunsetcosmeticos.com.br/satisfyer
sigma,1,https://www.sunsetcosmeticos.com.br/sigma
studio_kv,1,https://www.sunsetcosmeticos.com.br/studio_kv
sunset_collection,1,https://www.sunsetcosmeticos.com.br/sunset_collection
svakom,1,https://www.sunsetcosmeticos.com.br/svakom
tb_make,1,https://www.sunsetcosmeticos.com.br/tb_make
tracta,1,https://www.sunsetcosmeticos.com.br/tracta
vertix,1,https://www.sunsetcosmeticos.com.br/vertix
vizzela,1,https://www.sunsetcosmeticos.com.br/vizzela
