title,price,description,url,brand
Kit Cavalo Forte Shampoo e Condicionador 300ml - Haskell Cosméticos,"R$ 88,90","Força, brilho e crescimento para seus cabelos
Aposte no poder do Kit Cavalo Forte da Haskell para cabelos mais saudáveis, resistentes e com crescimento fortalecido! Sua fórmula poderosa combina biotina, pantenol e queratina, ativos essenciais que tratam profundamente, reduzem a quebra e fortalecem desde a raiz até as pontas.
✔ Indicado para todos os tipos de cabelo
✔ Fortalece a fibra capilar
✔ Estimula o crescimento saudável
✔ Reduz o risco de quebra
✔ Proporciona brilho, maciez e sedosidade
O que vem no kit?
Shampoo 300ml: promove uma limpeza suave e eficaz, cuidando do couro cabeludo sem ressecar. Condicionador 300ml: desembaraça, nutre e fortalece os fios, deixando-os mais resistentes e maleáveis.

Direção olfativa: Floral verde – um perfume leve e revigorante que transforma o banho em um verdadeiro ritual de autocuidado.
Dica da Beauty Lover: Use com a máscara de tratamento Cavalo Forte para um cronograma capilar completo e resultados ainda mais incríveis!",https://www.sunsetcosmeticos.com.br/produto/kit-cavalo-forte-shampoo-e-condicionador-300ml-haskell-cosmeticos-3732,haskell
